name,surname,id,university
Reeva,Trengove,187259,Linguistic University of Nizhny Novgorod
Hamlin,Forsythe,121003,Academy of Arts
Peta,Burstow,198605,"Swedish School of Economics and Business Administration, Finland"
Carver,Lordon,176747,University of Economics Varna
Clywd,Dopson,237590,Halic University
Tillie,Aldwich,172403,Ashesi University
Giacopo,Thyer,291889,"AKAD Hochschulen für Berufstätige, Fachhochschule Leipzig"
Angie,Wilstead,135112,Fachhochschule Dortmund
Silvester,Pawellek,102635,Meru University of Science and Technology
Chrotoem,Oganian,209027,Beijing University of Chemical Technology
Kimberley,Jerrim,129927,Universitas HKBP Nommensen
Briny,Wormell,244628,Regis College
Lyle,Brewitt,241017,The Curtis Institute of Music
Lowrance,Wateridge,251387,Université de Bourgogne
Mirabelle,Dudding,226742,Fachhochschule Kaiserslautern
Boony,Vickery,293743,St. Augustine's College North Carolina
Skippy,Penelli,295031,Universidad Autonoma  de Durango
Fleming,Blaszczyk,113413,Cihan University
Alaster,Fulle,218737,"Sharif University of Technology, Kish Campus"
Ellery,Woffinden,248665,University of Montana Western
Merrily,Grattan,163415,College in Sládkovičovo
Barnabe,Mccaull,239709,Universidad San Pablo
Bobbe,Terron,290329,Universidade de Evora
Barbabra,Breit,135096,"Institute of Teachers Education, Penang"
Margarette,Grills,223879,Geneva College
